{
 "models": {
  "Qwen/Qwen2.5-7B-Instruct-Turbo": {
   "parseable_rate": 1.0,
   "allow_recall": 0.424390243902439,
   "allow_n": 205,
   "reject_recall": 0.35172413793103446,
   "reject_n": 145,
   "unresolved_recall": "N/A",
   "unresolved_support": 0,
   "false_allow_item_ids": [
    "0bc0376582898116",
    "17b457de40092797",
    "1f92f47c044ff06c",
    "20181750baf2e5c2",
    "3051c04eddfa1e0a",
    "3350089ca12c495d",
    "5cae2b85480fb0c9",
    "6cff23e5d3274f50",
    "9939ea8bb3cb6450",
    "aa4fd7d4f5a149ff",
    "c251ae5e7873507a",
    "ca965c65372cbb1c",
    "cf6845cda21207d6",
    "f533947e5f6ca9b4",
    "f5e30537ef403341",
    "f6934938f1a419bc",
    "fa669790cdcadd1c",
    "fcce598a34d566df",
    "4c1c4f4617778acc",
    "1f7217bc4efd1b5f",
    "9df1c17724a1f259",
    "01a7287621899ab9",
    "01d7a435a8d23da4",
    "03fac2840121f9f6",
    "055996e7446ea174",
    "085c50d7f641642c",
    "0d85f33d8cd78577",
    "7bae645b0b5995bb",
    "83801012ea1333fd",
    "9a10569c92ed3510",
    "ac7db54e6085038a",
    "fa3a45104ce92859",
    "ae0cb27ae2214784",
    "d5dc2355b7753c01",
    "003b67df5f3c3076",
    "00cf45c37ff66162",
    "00ccf72a268c2f46",
    "0212611339849450",
    "02e411a299a35468",
    "0540ec1e81b4ae91",
    "049a45e708421ed8",
    "0592e80da0164479",
    "05b10519f22df964",
    "0550f324c0977383",
    "059c1c9e302043da",
    "0606fa88cb977634",
    "065537c764a079fb",
    "08392d7fedf09dd2",
    "0875fa8238da6b92",
    "07b7e59a858ead4e",
    "08aeff212178913c",
    "07e46f1f5c53d6ad",
    "08fd2aada06c17c0",
    "0864bae2da2a99bb",
    "095ddda1db7db307",
    "09897213ae2fb6f8"
   ],
   "two_class_mean_recall": 0.38805719091673674,
   "gates": {
    "parseable": true,
    "allow_recall": false,
    "reject_recall": false,
    "zero_benchmark_false_allows": false
   },
   "eligible": false,
   "subsets": {
    "real": {
     "n": 310,
     "parseable": 1.0,
     "allow_recall": 0.44623655913978494,
     "reject_recall": 0.2903225806451613,
     "false_allows": 53
    },
    "synthetic": {
     "n": 40,
     "parseable": 1.0,
     "allow_recall": 0.21052631578947367,
     "reject_recall": 0.7142857142857143,
     "false_allows": 3
    }
   }
  },
  "google/gemma-4-31B-it": {
   "parseable_rate": 1.0,
   "allow_recall": 0.975609756097561,
   "allow_n": 205,
   "reject_recall": 0.6275862068965518,
   "reject_n": 145,
   "unresolved_recall": "N/A",
   "unresolved_support": 0,
   "false_allow_item_ids": [
    "0bc0376582898116",
    "17307709adada32d",
    "1792ed27efb65aa2",
    "416878d727833ca1",
    "8ab2e259bebd6f96",
    "9939ea8bb3cb6450",
    "a2193aa76c6e7a48",
    "c155d6cb6950c462",
    "cf6845cda21207d6",
    "7229fdcdeb8bbe61",
    "de455e091555e399",
    "4c1c4f4617778acc",
    "3c7d5d0e7a4a67ab",
    "753f817bb59146b0",
    "d2c789f0ed48832d",
    "01a7287621899ab9",
    "055996e7446ea174",
    "098b46811c109733",
    "7bae645b0b5995bb",
    "ac7db54e6085038a",
    "e606ac62bb8ce0f9",
    "57ff5f9e783a5da3",
    "9d8184ff80791740",
    "fdd4c7006283e184",
    "ae0cb27ae2214784",
    "5b37d7a4cd48b2cd",
    "0022f9dc786dd77d",
    "003b67df5f3c3076",
    "00c2aa682b0f7afd",
    "00cf45c37ff66162",
    "00ccf72a268c2f46",
    "010753e12491e0d9",
    "01dda6a53dcb1722",
    "01fc788991a6945b",
    "02dbc3326731c913",
    "02e411a299a35468",
    "04057c77f915a923",
    "04249b0365af7bce",
    "0408b7f1b99e21e3",
    "049a45e708421ed8",
    "0592e80da0164479",
    "05b10519f22df964",
    "05e83ffb24404bad",
    "059c1c9e302043da",
    "06c668f7519a52c9",
    "0606fa88cb977634",
    "07aea1edc9a3a71c",
    "06bde87c7df90a91",
    "07f1eb2a9deba8c6",
    "07d4b6e1b3bb6239",
    "08aeff212178913c",
    "07e46f1f5c53d6ad",
    "093f4a69ed10880d",
    "096f71b60001d32d"
   ],
   "two_class_mean_recall": 0.8015979814970564,
   "gates": {
    "parseable": true,
    "allow_recall": true,
    "reject_recall": false,
    "zero_benchmark_false_allows": false
   },
   "eligible": false,
   "subsets": {
    "real": {
     "n": 310,
     "parseable": 1.0,
     "allow_recall": 0.9731182795698925,
     "reject_recall": 0.6129032258064516,
     "false_allows": 48
    },
    "synthetic": {
     "n": 40,
     "parseable": 1.0,
     "allow_recall": 1.0,
     "reject_recall": 0.7142857142857143,
     "false_allows": 6
    }
   }
  },
  "meta-llama/Llama-3.3-70B-Instruct-Turbo": {
   "parseable_rate": 1.0,
   "allow_recall": 0.824390243902439,
   "allow_n": 205,
   "reject_recall": 0.2896551724137931,
   "reject_n": 145,
   "unresolved_recall": "N/A",
   "unresolved_support": 0,
   "false_allow_item_ids": [
    "0bc0376582898116",
    "17307709adada32d",
    "1792ed27efb65aa2",
    "17b457de40092797",
    "1bb9d9654b340c67",
    "1f92f47c044ff06c",
    "20181750baf2e5c2",
    "3051c04eddfa1e0a",
    "3350089ca12c495d",
    "57d3fc033d0daee3",
    "5cae2b85480fb0c9",
    "69c40fa8bb42a31f",
    "6b2be968b6c3329f",
    "6cff23e5d3274f50",
    "87c855defd026fef",
    "8ab2e259bebd6f96",
    "9939ea8bb3cb6450",
    "b39e2ba20d74b81e",
    "bdc4568782192824",
    "c155d6cb6950c462",
    "c251ae5e7873507a",
    "c4320f6ecc0a8afd",
    "c7a655e71f677e2a",
    "ca965c65372cbb1c",
    "cf6845cda21207d6",
    "de84e0ddc449d553",
    "f533947e5f6ca9b4",
    "f5e30537ef403341",
    "f6934938f1a419bc",
    "fa669790cdcadd1c",
    "fcce598a34d566df",
    "7229fdcdeb8bbe61",
    "de455e091555e399",
    "4c1c4f4617778acc",
    "1f7217bc4efd1b5f",
    "39b2c8359b44e1ea",
    "4566d901b5a5e7de",
    "526443dfc5b9c2e6",
    "753f817bb59146b0",
    "9df1c17724a1f259",
    "d2c789f0ed48832d",
    "01a7287621899ab9",
    "01d7a435a8d23da4",
    "03fac2840121f9f6",
    "055996e7446ea174",
    "085c50d7f641642c",
    "098b46811c109733",
    "05bf8a23678c9c73",
    "0d85f33d8cd78577",
    "7bae645b0b5995bb",
    "83801012ea1333fd",
    "9a10569c92ed3510",
    "ac7db54e6085038a",
    "fa3a45104ce92859",
    "ae0cb27ae2214784",
    "af319e72bd065d67",
    "9151f7233d533b37",
    "5b37d7a4cd48b2cd",
    "0022f9dc786dd77d",
    "003b67df5f3c3076",
    "00c2aa682b0f7afd",
    "00cf45c37ff66162",
    "00ccf72a268c2f46",
    "010753e12491e0d9",
    "01dda6a53dcb1722",
    "01fc788991a6945b",
    "02dbc3326731c913",
    "0212611339849450",
    "023274b882563d91",
    "02592e556b4590cd",
    "0312f2e15612fe9d",
    "02e411a299a35468",
    "038631fc06e5b35f",
    "0540ec1e81b4ae91",
    "04057c77f915a923",
    "04249b0365af7bce",
    "0408b7f1b99e21e3",
    "049a45e708421ed8",
    "054ee35d1af67bfb",
    "0592e80da0164479",
    "05b10519f22df964",
    "0550f324c0977383",
    "05e83ffb24404bad",
    "059c1c9e302043da",
    "06c668f7519a52c9",
    "0606fa88cb977634",
    "07498beca8e556ec",
    "065537c764a079fb",
    "07f1eb2a9deba8c6",
    "08392d7fedf09dd2",
    "0875fa8238da6b92",
    "07b7e59a858ead4e",
    "088490d4f1f38376",
    "07d4b6e1b3bb6239",
    "08aeff212178913c",
    "07e46f1f5c53d6ad",
    "08fd2aada06c17c0",
    "0864bae2da2a99bb",
    "093f4a69ed10880d",
    "095ddda1db7db307",
    "096f71b60001d32d",
    "098992a9b7c2af00",
    "09897213ae2fb6f8"
   ],
   "two_class_mean_recall": 0.557022708158116,
   "gates": {
    "parseable": true,
    "allow_recall": false,
    "reject_recall": false,
    "zero_benchmark_false_allows": false
   },
   "eligible": false,
   "subsets": {
    "real": {
     "n": 310,
     "parseable": 1.0,
     "allow_recall": 0.8279569892473119,
     "reject_recall": 0.20967741935483872,
     "false_allows": 98
    },
    "synthetic": {
     "n": 40,
     "parseable": 1.0,
     "allow_recall": 0.7894736842105263,
     "reject_recall": 0.7619047619047619,
     "false_allows": 5
    }
   }
  },
  "openai/gpt-oss-120b": {
   "parseable_rate": 1.0,
   "allow_recall": 0.9902439024390244,
   "allow_n": 205,
   "reject_recall": 0.4689655172413793,
   "reject_n": 145,
   "unresolved_recall": "N/A",
   "unresolved_support": 0,